trip_start,trip_end,distance,duration,n_ha,n_ha_l,n_ha_m,n_ha_h,n_hb,n_hb_l,n_hb_m,n_hb_h,n_hc,n_hc_l,n_hc_m,n_hc_h,n_ignition_on,n_ignition_off,fcw_time,hmw_time,ldw_time,pcw_time,n_pedestrian_dz,light_mode,n_tsr_level,n_tsr_level_0,n_tsr_level_1,n_tsr_level_2,n_tsr_level_3,n_tsr_level_4,n_tsr_level_5,n_tsr_level_6,n_tsr_level_7,zero_speed_time,n_zero_speed,n_high_beam,n_low_beam,n_wipers,n_signal_right,n_signal_left,n_brakes,speed,over_speed_limit,n_fcw,n_hmw,n_ldw,n_ldw_left,n_ldw_right,n_pcw,n_fatigue_0,n_fatigue_1,n_fatigue_2,n_fatigue_3,n_headway__1,n_headway_0,n_headway_1,n_headway_2,n_headway_3,n_overtaking_0,n_overtaking_1,n_overtaking_2,n_overtaking_3,n_speeding_0,n_speeding_1,n_speeding_2,n_speeding_3
2021-04-21T05:42:57+00:00,2021-04-21T06:41:59+00:00,71.5266,3542,3.0,0.0,3.0,0.0,89.0,2.0,87.0,0.0,39.0,4.0,35.0,0.0,,,0.0,57.697027,0.204387,0.0,6.0,day,111.0,21.0,25.0,35.0,26.0,10.0,6.0,2.0,7.0,3534.665561,11.0,2.0,0.0,0.0,25.0,24.0,67.0,65.38854576080854,,0.0,10.0,2.0,2.0,0.0,0.0,1.0,0.0,0.0,0.0,73.0,37.0,66.0,51.0,10.0,6.0,5.0,1.0,0.0,6.0,22.0,29.0,18.0
2021-04-21T07:17:10+00:00,2021-04-21T07:36:09+00:00,15.3965,1139,10.0,0.0,10.0,0.0,13.0,2.0,11.0,0.0,23.0,2.0,21.0,0.0,,,0.0,4.779464,0.203466,0.0,1.0,day,21.0,8.0,7.0,4.0,4.0,2.0,3.0,1.0,0.0,1136.531841,6.0,0.0,0.0,0.0,2.0,70.0,28.0,41.6324200913242,,0.0,1.0,2.0,1.0,1.0,0.0,1.0,0.0,0.0,0.0,9.0,11.0,9.0,7.0,2.0,1.0,0.0,0.0,0.0,6.0,4.0,4.0,4.0
2021-04-21T07:26:25+00:00,2021-04-21T07:29:02+00:00,0.619549,157,,,,,,,,,,,,,,,0.0,0.0,0.0,0.0,0.0,day,0.0,1.0,0.0,0.0,0.0,0.0,0.0,0.0,0.0,8.270917,1.0,0.0,0.0,0.0,61.0,8.0,6.0,24.76178660049628,,0.0,0.0,0.0,0.0,0.0,0.0,1.0,0.0,0.0,0.0,4.0,3.0,0.0,0.0,0.0,1.0,0.0,0.0,0.0,2.0,1.0,0.0,0.0
2021-04-21T07:41:33+00:00,2021-04-21T07:45:35+00:00,1.46065,242,,,,,,,,,,,,,,,0.0,0.0,0.0,0.0,3.0,day,0.0,1.0,0.0,0.0,0.0,0.0,0.0,0.0,0.0,130.192932,6.0,0.0,0.0,0.0,59.0,19.0,12.0,22.20152091254753,,0.0,0.0,0.0,0.0,0.0,0.0,2.0,0.0,0.0,0.0,6.0,5.0,2.0,1.0,0.0,2.0,0.0,0.0,0.0,3.0,1.0,0.0,0.0
2021-04-21T07:51:09+00:00,2021-04-21T07:53:50+00:00,1.10618,161,,,,,,,,,,,,,,,0.0,0.0,0.0,0.0,0.0,day,5.0,4.0,3.0,1.0,1.0,0.0,0.0,0.0,0.0,143.145624,1.0,0.0,0.0,0.0,23.0,10.0,8.0,27.524590163934427,,0.0,0.0,0.0,0.0,0.0,0.0,1.0,0.0,0.0,0.0,1.0,0.0,0.0,0.0,0.0,1.0,0.0,0.0,0.0,2.0,2.0,2.0,1.0
2021-04-21T08:02:16+00:00,2021-04-21T08:06:33+00:00,3.10487,257,4.0,0.0,4.0,0.0,10.0,1.0,9.0,0.0,9.0,3.0,6.0,0.0,,,0.0,0.0,0.0,0.0,3.0,day,19.0,4.0,5.0,4.0,5.0,4.0,1.0,0.0,0.0,19.784474,2.0,0.0,0.0,0.0,1.0,14.0,15.0,40.57575757575758,,0.0,0.0,0.0,0.0,0.0,0.0,1.0,0.0,0.0,0.0,6.0,6.0,2.0,0.0,0.0,1.0,0.0,0.0,0.0,2.0,3.0,4.0,2.0
2021-04-21T08:07:56+00:00,2021-04-21T08:11:34+00:00,2.4479,218,3.0,0.0,3.0,0.0,5.0,0.0,5.0,0.0,5.0,0.0,5.0,0.0,,,0.0,0.732311,0.0,0.0,0.0,day,0.0,1.0,0.0,0.0,0.0,0.0,0.0,0.0,0.0,2.629749,1.0,0.0,0.0,1.0,1.0,32.0,11.0,34.95315315315315,,0.0,1.0,0.0,0.0,0.0,0.0,1.0,0.0,0.0,0.0,7.0,6.0,0.0,0.0,1.0,1.0,0.0,0.0,0.0,1.0,0.0,0.0,0.0
2021-04-21T09:17:16+00:00,2021-04-21T09:22:14+00:00,0.0481369,298,,,,,,,,,,,,,,,0.0,0.0,0.0,0.0,0.0,day,0.0,1.0,0.0,0.0,0.0,0.0,0.0,0.0,0.0,0.0,0.0,0.0,0.0,0.0,0.0,0.0,0.0,0.0,,0.0,0.0,0.0,0.0,0.0,0.0,1.0,0.0,0.0,0.0,1.0,0.0,0.0,0.0,0.0,1.0,0.0,0.0,0.0,1.0,0.0,0.0,0.0
2021-04-21T09:24:31+00:00,2021-04-21T09:28:55+00:00,0.0,264,,,,,,,,,,,,,,,0.0,0.0,0.0,0.0,0.0,day,0.0,1.0,0.0,0.0,0.0,0.0,0.0,0.0,0.0,0.0,0.0,0.0,0.0,0.0,0.0,0.0,0.0,0.0,,0.0,0.0,0.0,0.0,0.0,0.0,1.0,0.0,0.0,0.0,1.0,0.0,0.0,0.0,0.0,1.0,0.0,0.0,0.0,1.0,0.0,0.0,0.0
2021-04-21T09:42:46+00:00,2021-04-21T09:48:00+00:00,0.163505,314,,,,,,,,,,,,,,,0.0,0.0,0.0,0.0,0.0,day,0.0,1.0,0.0,0.0,0.0,0.0,0.0,0.0,0.0,103.46724,7.0,0.0,0.0,0.0,0.0,0.0,0.0,6.451851851851852,,0.0,0.0,0.0,0.0,0.0,0.0,2.0,0.0,0.0,0.0,4.0,2.0,0.0,0.0,0.0,2.0,0.0,0.0,0.0,2.0,0.0,0.0,0.0
2021-04-21T09:58:28+00:00,2021-04-21T10:11:37+00:00,4.81038,789,,,,,,,,,,,,,,,0.0,0.196625,0.096424,0.0,11.0,day,34.0,8.0,13.0,12.0,6.0,2.0,1.0,0.0,0.0,661.148591,13.0,0.0,0.0,1.0,3.0,4.0,0.0,31.36386768447837,,0.0,1.0,1.0,1.0,0.0,0.0,1.0,0.0,0.0,0.0,6.0,5.0,5.0,4.0,1.0,1.0,0.0,0.0,0.0,3.0,10.0,12.0,4.0
2021-04-21T09:59:11+00:00,2021-04-21T10:00:01+00:00,0.123714,50,0.0,0.0,0.0,0.0,3.0,0.0,3.0,0.0,1.0,0.0,1.0,0.0,,,0.0,0.0,0.0,0.0,0.0,day,0.0,1.0,0.0,0.0,0.0,0.0,0.0,0.0,0.0,45.857051,1.0,0.0,0.0,0.0,0.0,0.0,3.0,9.04,,0.0,0.0,0.0,0.0,0.0,0.0,1.0,0.0,0.0,0.0,1.0,0.0,0.0,0.0,0.0,1.0,0.0,0.0,0.0,1.0,0.0,0.0,0.0
2021-04-21T10:01:13+00:00,2021-04-21T10:01:27+00:00,0.0293015,14,0.0,0.0,0.0,0.0,1.0,0.0,1.0,0.0,0.0,0.0,0.0,0.0,,,0.0,0.0,0.0,0.0,0.0,day,0.0,1.0,0.0,0.0,0.0,0.0,0.0,0.0,0.0,0.0,0.0,0.0,0.0,0.0,0.0,0.0,0.0,8.1,,0.0,0.0,0.0,0.0,0.0,0.0,1.0,0.0,0.0,0.0,1.0,0.0,0.0,0.0,0.0,1.0,0.0,0.0,0.0,1.0,0.0,0.0,0.0
2021-04-21T10:02:32+00:00,2021-04-21T10:05:26+00:00,1.64904,174,0.0,0.0,0.0,0.0,10.0,0.0,10.0,0.0,10.0,0.0,10.0,0.0,,,0.0,0.0,0.0,0.0,3.0,day,0.0,1.0,0.0,0.0,0.0,0.0,0.0,0.0,0.0,0.0,0.0,0.0,0.0,0.0,3.0,1.0,14.0,33.59815242494226,,0.0,0.0,0.0,0.0,0.0,0.0,1.0,0.0,0.0,0.0,1.0,1.0,0.0,0.0,0.0,1.0,0.0,0.0,0.0,1.0,0.0,0.0,0.0
2021-04-21T11:10:39+00:00,2021-04-21T11:34:51+00:00,19.3023,1452,4.0,0.0,4.0,0.0,10.0,1.0,9.0,0.0,6.0,0.0,6.0,0.0,,,0.0,7.273988,1.61504,0.0,5.0,day,74.0,8.0,14.0,15.0,10.0,10.0,9.0,9.0,7.0,1387.856333,12.0,0.0,0.0,0.0,8.0,11.0,0.0,50.12445520581114,,0.0,4.0,2.0,1.0,1.0,0.0,1.0,0.0,0.0,0.0,40.0,36.0,24.0,11.0,4.0,1.0,0.0,0.0,0.0,6.0,10.0,12.0,9.0
2021-04-21T13:09:17+00:00,2021-04-21T13:11:45+00:00,0.0111247,148,,,,,,,,,,,,,,,0.0,0.0,0.0,0.0,0.0,day,0.0,1.0,0.0,0.0,0.0,0.0,0.0,0.0,0.0,0.0,0.0,0.0,0.0,0.0,0.0,0.0,1.0,0.0,,0.0,0.0,0.0,0.0,0.0,0.0,1.0,0.0,0.0,0.0,1.0,0.0,0.0,0.0,0.0,1.0,0.0,0.0,0.0,1.0,0.0,0.0,0.0
2021-04-21T13:18:36+00:00,2021-04-21T13:20:12+00:00,0.000702992,96,,,,,,,,,,,,,,,0.0,0.0,0.0,0.0,0.0,day,0.0,1.0,0.0,0.0,0.0,0.0,0.0,0.0,0.0,0.0,0.0,0.0,0.0,0.0,0.0,0.0,0.0,0.0,,0.0,0.0,0.0,0.0,0.0,0.0,4.0,0.0,0.0,0.0,4.0,0.0,0.0,0.0,0.0,4.0,0.0,0.0,0.0,4.0,0.0,0.0,0.0
2021-04-21T13:26:17+00:00,2021-04-21T13:30:52+00:00,0.0,275,,,,,,,,,,,,,,,,,,,,,,,,,,,,,,,,,,,,,,,,,,,,,,,,,,,,,,,,,,,,,,
2021-04-21T13:41:19+00:00,2021-04-21T13:41:56+00:00,0.0991015,37,,,,,,,,,,,,,,,0.0,0.0,0.0,0.0,0.0,day,0.0,1.0,0.0,0.0,0.0,0.0,0.0,0.0,0.0,0.0,0.0,0.0,0.0,0.0,0.0,0.0,2.0,7.605263157894737,,0.0,0.0,0.0,0.0,0.0,0.0,1.0,0.0,0.0,0.0,1.0,0.0,0.0,0.0,0.0,1.0,0.0,0.0,0.0,1.0,0.0,0.0,0.0
2021-04-21T14:10:28+00:00,2021-04-21T15:10:17+00:00,48.6292,3589,20.0,2.0,18.0,0.0,24.0,3.0,21.0,0.0,14.0,1.0,13.0,0.0,,,0.0,0.83729,0.104341,0.0,1.0,day,66.0,26.0,30.0,15.0,10.0,8.0,0.0,0.0,3.0,3460.996083,33.0,0.0,0.0,0.0,13.0,10.0,83.0,48.389879240943074,,0.0,1.0,1.0,0.0,1.0,0.0,1.0,0.0,0.0,0.0,64.0,77.0,89.0,40.0,1.0,2.0,1.0,0.0,0.0,6.0,8.0,19.0,16.0
2021-04-21T15:19:03+00:00,2021-04-21T15:53:48+00:00,41.466,2085,3.0,0.0,3.0,0.0,37.0,2.0,35.0,0.0,10.0,1.0,9.0,0.0,,,0.0,12.47436,0.0,0.0,2.0,day,82.0,13.0,23.0,24.0,14.0,9.0,7.0,4.0,1.0,404.568571,12.0,0.0,0.0,0.0,17.0,15.0,29.0,62.33893077450308,,0.0,3.0,0.0,0.0,0.0,0.0,1.0,0.0,0.0,0.0,47.0,49.0,50.0,25.0,3.0,1.0,0.0,0.0,0.0,5.0,25.0,26.0,11.0
2021-04-21T15:28:00+00:00,2021-04-21T15:37:54+00:00,4.78529,594,,,,,,,,,,,,,,,0.0,0.0,0.82539,0.0,2.0,day,11.0,4.0,5.0,4.0,2.0,0.0,0.0,0.0,0.0,99.143794,2.0,0.0,0.0,0.0,62.0,10.0,25.0,32.56292388847023,,0.0,0.0,1.0,0.0,1.0,0.0,1.0,0.0,0.0,0.0,20.0,22.0,11.0,5.0,0.0,1.0,0.0,0.0,0.0,3.0,5.0,3.0,0.0
2021-04-21T15:43:49+00:00,2021-04-21T15:53:37+00:00,5.1315,588,,,,,,,,,,,,,,,0.0,0.0,0.103227,0.0,2.0,day,16.0,5.0,8.0,7.0,1.0,0.0,0.0,0.0,0.0,555.953831,7.0,0.0,0.0,0.0,51.0,44.0,23.0,30.361658735554045,,0.0,0.0,1.0,1.0,0.0,0.0,1.0,0.0,0.0,0.0,13.0,17.0,7.0,0.0,0.0,1.0,0.0,0.0,0.0,4.0,7.0,7.0,3.0
2021-04-21T15:53:53+00:00,2021-04-21T16:02:15+00:00,4.03431,502,,,,,,,,,,,,,,,0.0,0.0,0.098341,0.0,1.0,day,14.0,6.0,6.0,5.0,3.0,0.0,0.0,0.0,0.0,453.291446,4.0,0.0,0.0,1.0,57.0,26.0,17.0,31.73064687168611,,0.0,0.0,1.0,0.0,1.0,0.0,2.0,0.0,0.0,0.0,10.0,10.0,3.0,2.0,0.0,3.0,1.0,0.0,0.0,4.0,6.0,6.0,4.0
2021-04-21T15:54:38+00:00,2021-04-21T16:36:24+00:00,31.3533,2506,6.0,0.0,6.0,0.0,66.0,1.0,65.0,0.0,33.0,3.0,30.0,0.0,,,0.0,0.195636,1.096106,0.0,2.0,day,61.0,8.0,11.0,13.0,7.0,7.0,12.0,8.0,3.0,619.646524,20.0,2.0,0.0,0.0,10.0,7.0,70.0,44.266906474820146,,0.0,1.0,2.0,2.0,0.0,0.0,1.0,0.0,0.0,0.0,26.0,29.0,19.0,11.0,1.0,3.0,2.0,0.0,0.0,5.0,8.0,9.0,5.0
2021-04-21T17:03:26+00:00,2021-04-21T18:05:07+00:00,61.7005,3701,42.0,1.0,41.0,0.0,40.0,0.0,40.0,0.0,79.0,6.0,73.0,0.0,,,0.515092,3.227478,0.854433,0.0,11.0,day,234.0,29.0,56.0,63.0,44.0,30.0,24.0,10.0,7.0,358.240118,16.0,19.0,0.0,0.0,25.0,24.0,92.0,47.72418548526116,,1.0,5.0,2.0,2.0,0.0,0.0,1.0,0.0,0.0,0.0,66.0,55.0,73.0,32.0,4.0,4.0,3.0,0.0,0.0,11.0,47.0,57.0,26.0
2021-04-21T17:19:17+00:00,2021-04-21T17:26:31+00:00,6.65232,434,5.0,0.0,5.0,0.0,6.0,1.0,5.0,0.0,14.0,1.0,13.0,0.0,,,0.0,0.097898,0.102621,0.0,0.0,day,14.0,3.0,2.0,3.0,3.0,2.0,2.0,2.0,0.0,0.0,0.0,0.0,0.0,0.0,2.0,19.0,14.0,48.34623430962343,,0.0,1.0,1.0,1.0,0.0,0.0,1.0,0.0,0.0,0.0,8.0,11.0,5.0,2.0,1.0,1.0,0.0,0.0,0.0,2.0,1.0,1.0,2.0
2021-04-21T19:13:07+00:00,2021-04-21T20:07:30+00:00,58.7555,3263,21.0,0.0,21.0,0.0,23.0,0.0,23.0,0.0,59.0,2.0,57.0,0.0,,,0.0,0.0,0.187669,0.0,0.0,night,172.0,42.0,59.0,42.0,26.0,19.0,11.0,7.0,8.0,3238.598449,8.0,0.0,0.0,0.0,24.0,19.0,59.0,52.09237645890241,,0.0,0.0,2.0,2.0,0.0,0.0,1.0,0.0,0.0,0.0,32.0,15.0,31.0,18.0,5.0,5.0,4.0,0.0,0.0,12.0,28.0,33.0,20.0
2021-04-21T19:37:22+00:00,2021-04-21T19:45:02+00:00,4.0214,460,,,,,,,,,,,,,,,0.0,0.0,0.0,0.0,0.0,night,8.0,7.0,7.0,1.0,0.0,0.0,0.0,0.0,0.0,79.593433,1.0,0.0,0.0,0.0,15.0,130.0,10.0,24.54272517321016,,0.0,0.0,0.0,0.0,0.0,0.0,1.0,0.0,0.0,0.0,2.0,1.0,0.0,0.0,0.0,1.0,0.0,0.0,0.0,3.0,3.0,3.0,1.0
2021-04-21T20:09:49+00:00,2021-04-21T20:46:00+00:00,42.5147,2171,28.0,2.0,26.0,0.0,46.0,5.0,41.0,0.0,48.0,18.0,30.0,0.0,,,0.383533,3.650438,2.762141,0.0,0.0,night,142.0,26.0,48.0,42.0,21.0,10.0,8.0,7.0,6.0,1279.315574,7.0,0.0,0.0,0.0,18.0,11.0,0.0,62.28408782867986,,1.0,6.0,7.0,2.0,5.0,0.0,1.0,0.0,0.0,0.0,26.0,17.0,27.0,20.0,7.0,3.0,2.0,0.0,0.0,12.0,23.0,26.0,20.0
2021-04-22T06:14:23+00:00,2021-04-22T07:14:33+00:00,69.5371,3610,7.0,0.0,7.0,0.0,100.0,5.0,94.0,1.0,38.0,6.0,32.0,0.0,,,0.0,37.024973,0.970752,0.0,8.0,day,139.0,36.0,52.0,39.0,26.0,13.0,3.0,1.0,5.0,388.200019,19.0,0.0,0.0,0.0,24.0,27.0,68.0,64.31586021505376,,0.0,12.0,2.0,2.0,0.0,0.0,1.0,0.0,0.0,0.0,70.0,75.0,98.0,71.0,13.0,6.0,5.0,0.0,0.0,7.0,27.0,35.0,21.0
2021-04-22T06:51:32+00:00,2021-04-22T06:51:43+00:00,0.0,11,,,,,,,,,,,,,,,0.0,0.0,0.0,0.0,0.0,day,0.0,1.0,0.0,0.0,0.0,0.0,0.0,0.0,0.0,6.764687,1.0,0.0,0.0,0.0,0.0,0.0,2.0,0.2857142857142857,,,,,,,,,,,,,,,,,,,,,,,,
2021-04-22T07:12:33+00:00,2021-04-22T07:51:07+00:00,40.4123,2314,21.0,0.0,21.0,0.0,24.0,0.0,24.0,0.0,9.0,0.0,9.0,0.0,,,0.0,0.10345,0.099589,0.0,1.0,day,46.0,24.0,26.0,7.0,5.0,4.0,2.0,1.0,1.0,2309.281805,17.0,0.0,0.0,0.0,9.0,7.0,50.0,53.03803314316762,,0.0,1.0,1.0,0.0,1.0,0.0,1.0,0.0,0.0,0.0,40.0,47.0,35.0,12.0,1.0,4.0,3.0,0.0,0.0,6.0,9.0,5.0,3.0
2021-04-22T07:18:57+00:00,2021-04-22T07:31:01+00:00,9.70028,724,12.0,1.0,11.0,0.0,14.0,0.0,14.0,0.0,42.0,10.0,32.0,0.0,,,0.0,0.0,0.585178,0.0,1.0,day,15.0,4.0,5.0,4.0,3.0,2.0,1.0,0.0,0.0,655.894242,1.0,0.0,0.0,0.0,6.0,5.0,0.0,47.838467943380515,,0.0,0.0,2.0,1.0,1.0,0.0,1.0,0.0,0.0,0.0,10.0,7.0,7.0,5.0,0.0,1.0,0.0,0.0,0.0,4.0,5.0,6.0,4.0
2021-04-22T07:35:37+00:00,2021-04-22T08:08:12+00:00,30.5332,1955,6.0,0.0,6.0,0.0,73.0,2.0,71.0,0.0,36.0,7.0,29.0,0.0,,,0.0,0.389903,0.0,0.0,3.0,day,76.0,20.0,30.0,29.0,13.0,2.0,1.0,1.0,0.0,1949.819923,5.0,0.0,0.0,0.0,18.0,11.0,56.0,51.97955607476636,,0.0,1.0,0.0,0.0,0.0,0.0,1.0,0.0,0.0,0.0,44.0,46.0,37.0,14.0,1.0,1.0,0.0,0.0,0.0,11.0,22.0,20.0,10.0
2021-04-22T07:54:22+00:00,2021-04-22T08:31:55+00:00,23.5221,2253,22.0,0.0,22.0,0.0,23.0,1.0,22.0,0.0,21.0,0.0,21.0,0.0,,,0.0,0.0,0.612295,0.0,0.0,day,45.0,15.0,21.0,14.0,2.0,1.0,1.0,1.0,5.0,1879.694419,12.0,0.0,0.0,0.0,10.0,7.0,54.0,42.12044983722995,,0.0,0.0,2.0,1.0,1.0,0.0,1.0,0.0,0.0,0.0,19.0,26.0,20.0,7.0,0.0,5.0,4.0,0.0,0.0,7.0,12.0,14.0,8.0
2021-04-22T08:14:57+00:00,2021-04-22T08:15:05+00:00,0.0,8,,,,,,,,,,,,,,,,,,,,,,,,,,,,,,,,,,,,,,,,,,,,,,1.0,0.0,0.0,0.0,1.0,0.0,0.0,0.0,0.0,1.0,0.0,0.0,0.0,1.0,0.0,0.0,0.0
2021-04-22T08:15:38+00:00,2021-04-22T08:15:45+00:00,0.0,7,,,,,,,,,,,,,,,,,,,,,,,,,,,,,,,,,,,,,,,,,,,,,,1.0,0.0,0.0,0.0,1.0,0.0,0.0,0.0,0.0,1.0,0.0,0.0,0.0,1.0,0.0,0.0,0.0
2021-04-22T08:30:01+00:00,2021-04-22T08:30:09+00:00,0.0,8,,,,,,,,,,,,,,,,,,,,,,,,,,,,,,,,,,,,,,,,,,,,,,1.0,0.0,0.0,0.0,1.0,0.0,0.0,0.0,0.0,1.0,0.0,0.0,0.0,1.0,0.0,0.0,0.0
2021-04-22T08:33:06+00:00,2021-04-22T09:06:03+00:00,34.7268,1977,8.0,0.0,8.0,0.0,48.0,1.0,47.0,0.0,26.0,2.0,24.0,0.0,,,0.0,19.25665,0.7508,0.0,1.0,day,135.0,27.0,40.0,39.0,30.0,16.0,6.0,3.0,1.0,1973.783415,13.0,0.0,0.0,0.0,12.0,9.0,37.0,58.17363154796939,,0.0,4.0,2.0,1.0,1.0,0.0,1.0,0.0,0.0,0.0,16.0,13.0,23.0,13.0,4.0,2.0,1.0,0.0,0.0,5.0,24.0,32.0,18.0
2021-04-22T08:46:24+00:00,2021-04-22T08:51:46+00:00,1.92601,322,6.0,0.0,6.0,0.0,7.0,0.0,7.0,0.0,17.0,4.0,13.0,0.0,,,0.0,0.0,0.0,0.0,1.0,day,0.0,1.0,0.0,0.0,0.0,0.0,0.0,0.0,0.0,26.755085,1.0,0.0,0.0,0.0,3.0,2.0,0.0,33.87563025210084,,0.0,0.0,0.0,0.0,0.0,0.0,1.0,0.0,0.0,0.0,9.0,8.0,5.0,1.0,0.0,1.0,0.0,0.0,0.0,1.0,0.0,0.0,0.0
2021-04-22T08:59:10+00:00,2021-04-22T09:12:07+00:00,6.88618,777,14.0,2.0,12.0,0.0,21.0,2.0,19.0,0.0,26.0,7.0,19.0,0.0,,,0.717679,1.681496,0.10875,0.0,1.0,day,22.0,7.0,11.0,7.0,3.0,1.0,0.0,0.0,0.0,658.577088,5.0,0.0,0.0,0.0,10.0,5.0,0.0,36.83888149134487,,1.0,2.0,1.0,0.0,1.0,0.0,1.0,0.0,0.0,0.0,17.0,22.0,14.0,9.0,1.0,1.0,0.0,0.0,0.0,4.0,8.0,6.0,2.0
2021-04-22T09:08:53+00:00,2021-04-22T09:21:07+00:00,5.35307,734,,,,,,,,,,,,,,,0.0,0.0,0.099414,0.0,2.0,day,31.0,8.0,9.0,7.0,9.0,6.0,0.0,0.0,0.0,647.276163,10.0,0.0,0.0,0.0,118.0,59.0,34.0,27.115479115479115,,0.0,0.0,1.0,1.0,0.0,0.0,1.0,0.0,0.0,0.0,14.0,18.0,12.0,2.0,0.0,1.0,0.0,0.0,0.0,3.0,6.0,8.0,4.0
2021-04-22T10:05:07+00:00,2021-04-22T10:05:07+00:00,0.0,0,,,,,,,,,,,,,,,,,,,,,,,,,,,,,,,,,,,,,,,,,,,,,,,,,,,,,,,,,,,,,,
2021-04-22T10:11:29+00:00,2021-04-22T10:21:21+00:00,4.86742,592,,,,,,,,,,,,,,,0.0,0.0,0.0,0.0,1.0,day,56.0,7.0,13.0,15.0,13.0,8.0,5.0,2.0,0.0,551.08002,4.0,0.0,0.0,0.0,31.0,45.0,29.0,30.570970328789095,,0.0,0.0,0.0,0.0,0.0,0.0,1.0,0.0,0.0,0.0,4.0,2.0,2.0,0.0,0.0,1.0,0.0,0.0,0.0,3.0,10.0,14.0,8.0
2021-04-22T10:19:28+00:00,2021-04-22T10:41:56+00:00,22.0781,1348,6.0,0.0,6.0,0.0,38.0,5.0,33.0,0.0,11.0,1.0,10.0,0.0,,,0.094934,4.821269,0.220542,0.0,0.0,day,116.0,31.0,41.0,37.0,22.0,10.0,4.0,2.0,0.0,1346.065422,7.0,0.0,0.0,0.0,9.0,9.0,26.0,54.83535868286946,,1.0,6.0,2.0,2.0,0.0,0.0,1.0,0.0,0.0,0.0,31.0,30.0,38.0,26.0,5.0,2.0,1.0,0.0,0.0,8.0,30.0,29.0,10.0
2021-04-22T10:19:43+00:00,2021-04-22T12:41:41+00:00,71.8433,8518,78.0,1.0,77.0,0.0,107.0,9.0,98.0,0.0,92.0,0.0,92.0,0.0,,,0.0,0.0,0.195983,0.0,47.0,day,66.0,27.0,21.0,8.0,4.0,4.0,9.0,10.0,10.0,8313.505145,53.0,0.0,0.0,0.0,31.0,35.0,300.0,31.317921003469444,,0.0,0.0,2.0,2.0,0.0,0.0,1.0,1.0,1.0,0.0,50.0,51.0,10.0,3.0,0.0,7.0,6.0,0.0,0.0,16.0,19.0,8.0,4.0
2021-04-22T10:24:51+00:00,2021-04-22T10:40:10+00:00,8.83382,919,,,,,,,,,,,,,,,0.0,0.0,0.0,0.0,2.0,day,0.0,1.0,0.0,0.0,0.0,0.0,0.0,0.0,0.0,868.23326,12.0,0.0,0.0,0.0,72.0,147.0,55.0,30.998030720756205,,0.0,0.0,0.0,0.0,0.0,0.0,1.0,0.0,0.0,0.0,12.0,12.0,3.0,2.0,0.0,1.0,0.0,0.0,0.0,1.0,0.0,0.0,0.0
2021-04-22T10:41:01+00:00,2021-04-22T11:27:15+00:00,48.482,2774,37.0,8.0,29.0,0.0,56.0,1.0,55.0,0.0,55.0,11.0,44.0,0.0,,,0.794598,6.381596,2.644933,0.0,0.0,day,155.0,27.0,42.0,42.0,30.0,15.0,11.0,8.0,7.0,2708.424823,17.0,0.0,0.0,0.0,27.0,25.0,0.0,58.82306830907055,,4.0,9.0,4.0,1.0,3.0,0.0,1.0,0.0,0.0,0.0,54.0,43.0,53.0,28.0,6.0,10.0,9.0,0.0,0.0,15.0,34.0,32.0,19.0
2021-04-22T10:43:45+00:00,2021-04-22T10:54:36+00:00,6.7017,651,11.0,0.0,11.0,0.0,13.0,1.0,12.0,0.0,10.0,1.0,9.0,0.0,,,0.0,0.0,0.915833,0.0,0.0,day,26.0,5.0,7.0,7.0,6.0,3.0,2.0,1.0,0.0,568.469895,7.0,0.0,0.0,0.0,32.0,124.0,28.0,34.20601700457816,,0.0,1.0,2.0,0.0,2.0,0.0,1.0,0.0,0.0,0.0,15.0,15.0,9.0,8.0,1.0,1.0,0.0,0.0,0.0,4.0,7.0,6.0,3.0
2021-04-22T10:56:53+00:00,2021-04-22T11:12:17+00:00,12.4638,924,22.0,5.0,17.0,0.0,33.0,5.0,28.0,0.0,32.0,5.0,27.0,0.0,,,0.0,1.233316,1.463583,0.0,1.0,day,108.0,13.0,23.0,25.0,18.0,14.0,12.0,10.0,6.0,876.630441,6.0,1.0,0.0,0.0,91.0,28.0,40.0,48.07760067114094,,0.0,2.0,6.0,3.0,3.0,0.0,1.0,0.0,0.0,0.0,20.0,15.0,9.0,7.0,2.0,1.0,0.0,0.0,0.0,7.0,18.0,23.0,13.0
2021-04-22T11:17:44+00:00,2021-04-22T11:24:02+00:00,3.72795,378,6.0,0.0,6.0,0.0,5.0,0.0,5.0,0.0,6.0,0.0,6.0,0.0,,,0.0,0.0,0.109786,0.0,1.0,day,0.0,1.0,0.0,0.0,0.0,0.0,0.0,0.0,0.0,230.332154,3.0,0.0,0.0,0.0,17.0,33.0,14.0,34.06804733727811,,0.0,0.0,1.0,0.0,1.0,0.0,1.0,0.0,0.0,0.0,3.0,4.0,2.0,0.0,0.0,1.0,0.0,0.0,0.0,1.0,0.0,0.0,0.0
2021-04-22T11:27:33+00:00,2021-04-22T11:38:14+00:00,7.90897,641,14.0,1.0,13.0,0.0,17.0,1.0,16.0,0.0,24.0,7.0,17.0,0.0,,,0.0,0.0,0.49447,0.0,3.0,day,39.0,10.0,11.0,10.0,8.0,4.0,3.0,2.0,1.0,594.74351,6.0,0.0,0.0,0.0,56.0,3.0,37.0,42.40479192938209,,0.0,0.0,2.0,1.0,1.0,0.0,1.0,0.0,0.0,0.0,9.0,10.0,13.0,3.0,0.0,1.0,0.0,0.0,0.0,4.0,4.0,7.0,5.0
2021-04-22T11:40:59+00:00,2021-04-22T12:06:45+00:00,31.6976,1546,10.0,0.0,10.0,0.0,15.0,1.0,14.0,0.0,25.0,5.0,20.0,0.0,,,0.0,57.45648,0.384782,0.0,0.0,day,15.0,7.0,1.0,0.0,3.0,2.0,2.0,3.0,4.0,1323.464935,6.0,0.0,0.0,0.0,92.0,59.0,39.0,67.29680998613037,,0.0,6.0,4.0,2.0,2.0,0.0,1.0,0.0,0.0,0.0,39.0,29.0,31.0,10.0,6.0,2.0,1.0,0.0,0.0,6.0,5.0,3.0,5.0
2021-04-22T11:54:57+00:00,2021-04-22T12:08:40+00:00,10.2982,823,9.0,0.0,9.0,0.0,13.0,1.0,12.0,0.0,27.0,5.0,21.0,1.0,,,0.113649,0.113649,0.107535,0.0,0.0,day,10.0,4.0,4.0,3.0,2.0,1.0,0.0,0.0,0.0,108.52754,6.0,0.0,0.0,0.0,5.0,66.0,24.0,43.19021739130435,,1.0,1.0,1.0,1.0,0.0,0.0,1.0,0.0,0.0,0.0,15.0,20.0,11.0,10.0,0.0,1.0,0.0,0.0,0.0,3.0,3.0,4.0,3.0
2021-04-22T12:13:37+00:00,2021-04-22T12:37:33+00:00,31.6529,1436,13.0,0.0,13.0,0.0,29.0,3.0,26.0,0.0,22.0,3.0,19.0,0.0,,,0.0,16.644599,0.204397,0.0,3.0,day,47.0,11.0,11.0,11.0,10.0,5.0,4.0,3.0,3.0,1194.621724,4.0,0.0,0.0,0.0,109.0,130.0,44.0,62.61970828886517,,0.0,6.0,2.0,0.0,2.0,0.0,1.0,0.0,0.0,0.0,27.0,20.0,27.0,16.0,6.0,1.0,0.0,0.0,0.0,6.0,13.0,14.0,6.0
2021-04-22T12:42:15+00:00,2021-04-22T12:42:28+00:00,0.0,13,,,,,,,,,,,,,,,,,,,,,,,,,,,,,,,,,,,,,,,,,,,,,,1.0,0.0,1.0,0.0,1.0,0.0,0.0,0.0,0.0,1.0,0.0,0.0,0.0,1.0,0.0,0.0,0.0
2021-04-22T12:53:41+00:00,2021-04-22T12:55:22+00:00,0.282599,101,,,,,,,,,,,,,,,0.0,0.0,0.0,0.0,0.0,day,0.0,1.0,0.0,0.0,0.0,0.0,0.0,0.0,0.0,65.658532,1.0,0.0,0.0,0.0,0.0,0.0,3.0,13.89795918367347,,0.0,0.0,0.0,0.0,0.0,0.0,1.0,0.0,1.0,0.0,2.0,0.0,0.0,0.0,0.0,2.0,0.0,0.0,0.0,1.0,0.0,0.0,0.0
2021-04-22T13:02:21+00:00,2021-04-22T14:48:34+00:00,74.5229,6373,48.0,2.0,46.0,0.0,62.0,4.0,58.0,0.0,50.0,0.0,50.0,0.0,,,0.0,0.0,0.325626,0.0,22.0,day,163.0,49.0,64.0,43.0,20.0,14.0,11.0,2.0,9.0,6332.194832,32.0,0.0,0.0,0.0,21.0,23.0,157.0,40.761390762843796,,0.0,0.0,3.0,1.0,2.0,0.0,1.0,0.0,1.0,1.0,80.0,118.0,73.0,23.0,0.0,16.0,15.0,0.0,0.0,14.0,35.0,37.0,24.0
2021-04-22T13:16:30+00:00,2021-04-22T13:24:27+00:00,4.66127,477,12.0,1.0,11.0,0.0,7.0,1.0,6.0,0.0,9.0,0.0,9.0,0.0,,,0.0,0.0,0.098971,0.0,2.0,day,7.0,2.0,4.0,3.0,0.0,0.0,0.0,0.0,0.0,34.711438,2.0,0.0,0.0,0.0,81.0,12.0,26.0,29.458610846812558,,0.0,0.0,1.0,0.0,1.0,0.0,1.0,0.0,0.0,0.0,15.0,15.0,4.0,1.0,0.0,1.0,0.0,0.0,0.0,2.0,2.0,1.0,0.0
2021-04-22T13:16:59+00:00,2021-04-22T13:32:18+00:00,11.1683,919,14.0,0.0,14.0,0.0,18.0,3.0,15.0,0.0,20.0,4.0,16.0,0.0,,,0.225599,0.225599,0.109286,0.0,4.0,day,62.0,9.0,15.0,12.0,9.0,10.0,8.0,5.0,3.0,172.271832,6.0,0.0,0.0,0.0,5.0,16.0,26.0,39.41396933560477,,1.0,1.0,1.0,1.0,0.0,0.0,1.0,0.0,0.0,0.0,13.0,22.0,20.0,10.0,2.0,1.0,0.0,0.0,0.0,3.0,9.0,16.0,10.0
2021-04-22T13:28:07+00:00,2021-04-22T13:37:08+00:00,4.16433,541,7.0,0.0,7.0,0.0,9.0,1.0,8.0,0.0,14.0,2.0,12.0,0.0,,,0.0,0.0,0.100243,0.0,0.0,day,7.0,3.0,2.0,2.0,0.0,0.0,1.0,1.0,1.0,527.303955,7.0,0.0,0.0,0.0,60.0,7.0,24.0,27.15499533146592,,0.0,0.0,1.0,0.0,1.0,0.0,1.0,0.0,0.0,0.0,20.0,26.0,18.0,7.0,0.0,1.0,0.0,0.0,0.0,3.0,2.0,1.0,0.0
2021-04-22T13:40:14+00:00,2021-04-22T13:43:48+00:00,1.72197,214,5.0,0.0,5.0,0.0,3.0,0.0,3.0,0.0,4.0,1.0,3.0,0.0,,,0.0,0.0,0.0,0.0,1.0,day,1.0,2.0,1.0,0.0,0.0,0.0,0.0,0.0,0.0,0.0,0.0,0.0,0.0,0.0,12.0,54.0,6.0,24.553571428571427,,0.0,0.0,0.0,0.0,0.0,0.0,1.0,0.0,0.0,0.0,5.0,5.0,1.0,0.0,0.0,1.0,0.0,0.0,0.0,3.0,2.0,0.0,0.0
2021-04-22T14:16:17+00:00,2021-04-22T14:42:55+00:00,23.0337,1598,4.0,0.0,4.0,0.0,56.0,4.0,52.0,0.0,34.0,6.0,28.0,0.0,,,0.0,0.0,0.0,0.0,2.0,day,110.0,25.0,40.0,28.0,17.0,13.0,9.0,2.0,1.0,1595.103703,7.0,0.0,0.0,0.0,13.0,7.0,40.0,49.75247175141243,,0.0,1.0,0.0,0.0,0.0,0.0,1.0,0.0,0.0,0.0,24.0,19.0,18.0,11.0,1.0,1.0,0.0,0.0,0.0,8.0,19.0,16.0,11.0
2021-04-22T16:12:47+00:00,2021-04-22T16:22:11+00:00,7.33618,564,2.0,0.0,2.0,0.0,12.0,0.0,12.0,0.0,13.0,1.0,12.0,0.0,,,0.0,0.0,0.0,0.0,1.0,day,33.0,9.0,11.0,9.0,6.0,5.0,1.0,1.0,0.0,150.34688,3.0,0.0,0.0,0.0,5.0,4.0,14.0,51.40814299900695,,0.0,0.0,0.0,0.0,0.0,0.0,1.0,0.0,0.0,0.0,9.0,13.0,7.0,1.0,0.0,1.0,0.0,0.0,0.0,4.0,9.0,7.0,5.0
2021-04-22T16:25:23+00:00,2021-04-22T17:22:37+00:00,65.77,3434,4.0,0.0,4.0,0.0,67.0,1.0,66.0,0.0,34.0,3.0,31.0,0.0,,,0.0,5.303841,0.949235,0.0,3.0,day,82.0,14.0,18.0,22.0,13.0,6.0,6.0,8.0,9.0,3428.961436,12.0,0.0,0.0,0.0,18.0,18.0,64.0,59.94980927524593,,0.0,4.0,4.0,3.0,1.0,0.0,1.0,0.0,0.0,0.0,51.0,46.0,42.0,20.0,4.0,3.0,2.0,0.0,0.0,7.0,24.0,58.0,42.0
2021-04-22T16:50:35+00:00,2021-04-22T16:54:16+00:00,2.54166,221,6.0,0.0,6.0,0.0,8.0,2.0,6.0,0.0,9.0,3.0,6.0,0.0,,,0.0,0.0,0.0,0.0,0.0,day,0.0,1.0,0.0,0.0,0.0,0.0,0.0,0.0,0.0,0.0,0.0,0.0,0.0,0.0,3.0,5.0,9.0,44.7344,,0.0,0.0,0.0,0.0,0.0,0.0,1.0,0.0,0.0,0.0,2.0,1.0,1.0,0.0,0.0,1.0,0.0,0.0,0.0,1.0,0.0,0.0,0.0
2021-04-22T19:00:29+00:00,2021-04-22T19:04:28+00:00,0.0,239,,,,,,,,,,,,,,,0.0,0.0,0.0,0.0,0.0,dusk,0.0,1.0,0.0,0.0,0.0,0.0,0.0,0.0,0.0,33.482926,2.0,0.0,0.0,0.0,2.0,32.0,13.0,42.832070707070706,,,,,,,,,,,,,,,,,,,,,,,,
2021-04-22T20:13:27+00:00,2021-04-22T20:55:46+00:00,49.38,2539,31.0,2.0,28.0,1.0,50.0,3.0,47.0,0.0,47.0,13.0,34.0,0.0,,,1.245926,29.846517,0.982401,0.0,0.0,night,193.0,30.0,61.0,50.0,26.0,19.0,18.0,13.0,6.0,2414.696532,10.0,2.0,0.0,0.0,27.0,12.0,0.0,60.05991902834008,,1.0,7.0,2.0,2.0,0.0,0.0,1.0,0.0,0.0,0.0,24.0,17.0,26.0,24.0,8.0,1.0,0.0,0.0,0.0,13.0,31.0,26.0,19.0
2021-06-23T10:56:05+00:00,2021-06-23T10:56:42+00:00,0.0112132,37,,,,,,,,,,,,,,,0.0,0.0,0.0,0.0,0.0,day,0.0,1.0,0.0,0.0,0.0,0.0,0.0,0.0,0.0,0.0,0.0,0.0,0.0,0.0,0.0,0.0,0.0,0.0,,0.0,0.0,0.0,0.0,0.0,0.0,2.0,0.0,0.0,0.0,2.0,0.0,0.0,0.0,0.0,2.0,0.0,0.0,0.0,2.0,0.0,0.0,0.0
2021-06-23T10:56:57+00:00,2021-06-23T10:57:07+00:00,0.0178015,10,,,,,,,,,,,,,,,,,,,,,,,,,,,,,,,,,,,,,,,,,,,,,,,,,,,,,,,,,,,,,,
2022-01-01T11:16:48+00:00,2022-01-01T11:25:37+00:00,0.0,529,,,,,,,,,,,,,1,1,0.0,0.0,0.0,0.0,5.0,day,38.0,5.0,8.0,7.0,5.0,7.0,7.0,3.0,1.0,0.0,0.0,0.0,0.0,0.0,5.0,6.0,18.0,32.57443609022556,,,,,,,,,,,,,,,,,,,,,,,,
2022-01-01T14:41:53+00:00,2022-01-01T14:51:07+00:00,0.0,554,,,,,,,,,,,,,1,1,0.0,0.0,0.0,0.0,3.0,day,35.0,7.0,13.0,11.0,5.0,4.0,2.0,0.0,0.0,51.624982,4.0,0.0,0.0,0.0,10.0,7.0,20.0,27.49411764705882,,,,,,,,,,,,,,,,,,,,,,,,
2022-01-02T12:24:38+00:00,2022-01-02T12:34:25+00:00,0.0,587,,,,,,,,,,,,,1,1,0.0,0.0,0.108879,0.0,2.0,day,21.0,2.0,11.0,10.0,0.0,0.0,0.0,0.0,0.0,56.227619,2.0,0.0,0.0,0.0,2.0,6.0,10.0,41.48192771084337,,,,,,,,,,,,,,,,,,,,,,,,
2022-01-02T14:33:53+00:00,2022-01-02T14:44:02+00:00,0.0,609,,,,,,,,,,,,,1,1,0.0,0.0,0.0,0.0,1.0,day,2.0,3.0,0.0,0.0,0.0,0.0,0.0,0.0,2.0,115.307305,3.0,0.0,0.0,0.0,3.0,2.0,9.0,34.774674115456236,,,,,,,,,,,,,,,,,,,,,,,,
